Event_ID,Event_Name,Start_DateTime,End_DateTime,Participant_Limit,Organizer_ID,Date_of_Booking,Venue_ID,Sport_ID
1,Cricket Match,2020-05-22 20:12:06,2020-05-22 21:12:06,4,871,2020-05-19 4:59:52,8,7
2,Badminton Duels,2020-10-10 19:31:06,2020-10-10 20:31:06,3,616,2020-10-08 19:44:56,1,1
3,Volleyball Selections,2020-12-11 0:07:49,2020-12-11 3:07:49,2,134,2020-12-07 10:10:52,2,11
4,Basketball Trials,2020-05-27 11:22:58,2020-05-27 13:22:58,3,900,2020-05-25 15:27:23,12,3
5,Foosball,2021-01-12 6:58:27,2021-01-12 9:58:27,4,172,2021-01-08 1:01:41,19,9
6,Football Match,2020-12-15 13:14:35,2020-12-15 17:14:35,3,254,2020-12-13 1:46:27,7,8
7,Swimming Practice,2020-08-25 14:53:14,2020-08-25 18:53:14,2,738,2020-08-22 5:41:45,6,6
8,Billiards,2020-04-01 4:43:20,2020-04-01 7:43:20,3,932,2020-03-30 11:28:39,7,8
9,Badminton Men Singles,2020-07-20 16:46:41,2020-07-20 19:46:41,4,655,2020-07-18 11:12:52,4,9
10,Cricket Match,2020-01-10 2:17:36,2020-01-10 6:17:36,1,97,2020-01-08 12:28:18,8,7
11,Foosball match,2021-01-09 5:33:07,2021-01-09 7:33:07,3,739,2021-01-05 14:44:18,4,9
12,Chess Practice,2020-09-06 4:10:16,2020-09-06 8:10:16,2,867,2020-09-04 5:51:42,10,10
13,Table Tennis Trials,2020-04-28 11:17:18,2020-04-28 14:17:18,4,580,2020-04-26 19:39:53,17,4
14,Tennis Match,2020-09-13 7:53:11,2020-09-13 8:53:11,1,619,2020-09-10 7:35:22,2,2
15,Squash Match,2020-05-15 20:17:40,2020-05-15 22:17:40,3,86,2020-05-11 0:51:39,5,5
16,Chess Selections,2020-05-21 6:35:19,2020-05-21 8:35:19,3,435,2020-05-19 9:28:51,11,10
17,Cricket Match,2020-09-26 14:19:36,2020-09-26 16:19:36,3,66,2020-09-23 9:28:17,8,7
18,Swimming Lessons,2021-02-10 12:43:19,2021-02-10 16:43:19,3,675,2021-02-06 12:26:52,6,6
19,Football Training,2020-08-29 4:23:59,2020-08-29 7:23:59,3,67,2020-08-28 21:48:29,7,8
20,Volleyball Match,2021-02-15 17:42:56,2021-02-15 21:42:56,1,688,2021-02-14 22:26:40,2,11
21,Table Tennis Match,2020-11-19 15:27:02,2020-11-19 19:27:02,4,142,2020-11-18 17:40:36,17,4
22,BCR Foosball,2021-02-19 2:29:28,2021-02-19 3:29:28,1,621,2021-02-17 11:11:56,19,9
23,10min Chess,2020-06-28 21:48:09,2020-06-28 23:48:09,1,280,2020-06-24 23:20:21,11,10
24,Badminton Practice,2020-09-19 2:50:32,2020-09-19 5:50:32,4,172,2020-09-18 13:45:38,14,1
25,Football,2020-03-07 23:36:03,2020-03-08 1:36:03,3,762,2020-03-05 6:18:28,7,8
26,Tennis Selections,2020-07-17 23:52:56,2020-07-18 1:52:56,1,792,2020-07-13 11:31:13,16,2
27,Squash Doubles,2020-04-08 8:47:29,2020-04-08 10:47:29,2,834,2020-04-05 15:17:15,18,5
28,Swimming Practice,2020-12-15 11:41:15,2020-12-15 15:41:15,2,736,2020-12-12 13:27:29,6,6
29,Rapid Chess Matches,2020-12-15 6:44:41,2020-12-15 10:44:41,1,537,2020-12-14 16:03:26,11,10
30,Cricket Selections,2020-12-13 18:13:00,2020-12-13 20:13:00,2,470,2020-12-10 5:53:06,20,7
31,Table Tennis Trials,2020-10-20 9:01:56,2020-10-20 12:01:56,4,864,2020-10-16 22:49:30,17,4
32,Swimming Lessons,2020-02-19 19:48:24,2020-02-19 23:48:24,4,849,2020-02-15 9:21:48,6,6
33,Foosball Match,2020-01-13 14:35:26,2020-01-13 15:35:26,4,891,2020-01-09 14:25:41,19,9
34,Volleyball Training,2020-03-08 12:40:44,2020-03-08 14:40:44,2,607,2020-03-06 2:53:11,2,11
35,Cricket Match,2020-12-02 16:29:37,2020-12-02 20:29:37,3,672,2020-12-01 3:37:11,8,7
36,Tennis Match,2021-01-23 23:33:22,2021-01-24 3:33:22,2,559,2021-01-22 10:36:45,2,2
37,Squash Match,2020-08-19 4:34:00,2020-08-19 6:34:00,4,460,2020-08-17 6:53:14,5,5
38,Chess Selections,2020-01-14 19:16:34,2020-01-14 22:16:34,4,868,2020-01-11 22:59:47,10,10
39,Cricket Match,2020-02-24 4:23:56,2020-02-24 7:23:56,4,666,2020-02-23 4:12:50,8,7
40,Swimming Lessons,2020-02-02 2:00:07,2020-02-02 4:00:07,2,219,2020-01-29 7:05:58,6,6
41,Football Training,2020-09-01 0:51:50,2020-09-01 1:51:50,3,231,2020-08-28 17:51:39,7,8
42,Volleyball Match,2020-06-28 21:28:55,2020-06-28 22:28:55,4,103,2020-06-27 21:01:02,15,11
43,Table Tennis Match,2020-09-09 4:53:38,2020-09-09 7:53:38,2,152,2020-09-06 15:53:56,17,4
44,BCR Foosball,2020-11-15 16:31:37,2020-11-15 19:31:37,2,915,2020-11-11 22:17:30,4,9
45,10min Chess,2021-01-12 13:35:29,2021-01-12 17:35:29,3,293,2021-01-08 3:47:44,20,7
46,Badminton Practice,2020-08-09 17:09:02,2020-08-09 21:09:02,1,139,2020-08-08 0:56:14,14,1
47,Football,2020-10-11 18:10:23,2020-10-11 19:10:23,1,828,2020-10-09 14:07:22,7,8
48,Tennis Selections,2020-04-12 12:16:34,2020-04-12 15:16:34,4,591,2020-04-11 12:17:08,2,2
49,Badminton Duels,2020-04-01 0:07:47,2020-04-01 4:07:47,4,638,2020-03-31 14:30:40,1,1
50,Volleyball Selections,2021-01-03 12:54:14,2021-01-03 14:54:14,2,598,2020-12-30 18:29:27,15,11
51,Basketball Trials,2020-02-08 9:39:47,2020-02-08 11:39:47,2,24,2020-02-04 15:16:46,12,3
52,Foosball,2021-01-01 7:41:13,2021-01-01 10:41:13,4,948,2020-12-31 12:52:07,4,9
53,Football Match,2020-12-10 0:39:11,2020-12-10 3:39:11,1,51,2020-12-09 1:20:34,7,8
54,Swimming Practice,2020-12-17 16:12:14,2020-12-17 18:12:14,2,11,2020-12-14 18:52:25,6,6
55,Billiards,2020-08-02 23:05:21,2020-08-03 1:05:21,2,41,2020-07-30 0:28:23,1,1
56,Badminton Men Singles,2020-09-22 11:34:24,2020-09-22 14:34:24,4,98,2020-09-21 19:34:22,1,1
57,Cricket Match,2020-05-18 20:54:32,2020-05-18 22:54:32,4,499,2020-05-15 20:54:00,20,7
58,Foosball match,2020-10-01 19:01:25,2020-10-01 21:01:25,1,523,2020-09-27 12:50:32,4,9
59,Football,2020-07-02 1:15:25,2020-07-02 5:15:25,3,740,2020-06-30 14:02:27,7,8
60,Tennis Selections,2020-09-28 10:39:32,2020-09-28 13:39:32,4,445,2020-09-25 2:56:15,16,2
61,Squash Doubles,2021-02-07 4:53:38,2021-02-07 7:53:38,2,50,2021-02-03 11:45:54,5,5
62,Swimming Practice,2020-05-06 13:14:09,2020-05-06 14:14:09,3,273,2020-05-03 21:40:04,6,6
63,Rapid Chess Matches,2020-12-05 23:29:04,2020-12-06 2:29:04,3,220,2020-12-02 10:13:53,10,10
64,Cricket Selections,2020-04-28 17:45:35,2020-04-28 19:45:35,3,710,2020-04-26 1:32:36,8,7
65,Table Tennis Trials,2020-06-20 23:34:34,2020-06-21 1:34:34,1,47,2020-06-18 22:28:59,17,4
66,Swimming Lessons,2020-04-06 8:00:20,2020-04-06 10:00:20,4,589,2020-04-05 3:31:46,6,6
67,Foosball Match,2021-01-24 10:41:36,2021-01-24 13:41:36,4,71,2021-01-22 3:50:20,4,9
68,Volleyball Training,2020-08-20 16:37:47,2020-08-20 18:37:47,1,96,2020-08-19 6:00:06,15,11
69,Cricket Match,2021-01-08 8:38:03,2021-01-08 12:38:03,4,914,2021-01-04 16:31:46,8,7
70,Tennis Match,2020-10-17 7:12:23,2020-10-17 9:12:23,1,224,2020-10-14 5:40:56,3,2
71,Squash Match,2020-12-30 6:09:20,2020-12-30 8:09:20,4,17,2020-12-29 10:54:09,18,5
72,Chess Selections,2020-12-06 13:50:27,2020-12-06 15:50:27,3,254,2020-12-04 8:57:17,11,10
73,Cricket Match,2020-01-17 0:06:38,2020-01-17 3:06:38,3,633,2020-01-16 11:01:30,8,7
74,Swimming Lessons,2020-05-23 0:33:48,2020-05-23 1:33:48,2,178,2020-05-19 21:54:23,6,6
75,Basketball Trials,2020-03-27 21:42:12,2020-03-27 22:42:12,1,733,2020-03-24 19:41:23,13,3
76,Foosball,2020-05-08 12:56:56,2020-05-08 13:56:56,4,532,2020-05-07 1:16:34,19,9
77,Football Match,2020-08-17 6:56:25,2020-08-17 10:56:25,4,824,2020-08-16 13:49:31,7,8
78,Swimming Practice,2020-05-09 9:13:16,2020-05-09 12:13:16,1,429,2020-05-08 12:51:22,6,6
79,Billiards,2020-10-10 8:07:43,2020-10-10 9:07:43,4,601,2020-10-07 20:50:58,11,12
80,Badminton Men Singles,2020-11-29 7:57:49,2020-11-29 8:57:49,3,484,2020-11-25 1:39:43,14,1
81,Cricket Match,2020-11-05 9:14:49,2020-11-05 12:14:49,2,995,2020-11-03 6:32:28,20,7
82,Foosball match,2021-02-19 6:36:15,2021-02-19 9:36:15,4,43,2021-02-16 10:44:46,4,9
83,Chess Practice,2020-05-15 4:59:20,2020-05-15 8:59:20,1,273,2020-05-12 2:23:34,9,10
84,Table Tennis Trials,2020-02-21 4:53:39,2020-02-21 7:53:39,4,88,2020-02-19 17:05:13,17,4
85,Tennis Match,2020-02-23 7:33:23,2020-02-23 9:33:23,4,260,2020-02-20 2:53:50,3,2
86,Squash Match,2020-03-04 4:11:31,2020-03-04 6:11:31,1,46,2020-03-02 15:48:02,18,5
87,Chess Selections,2020-05-25 23:25:24,2020-05-26 0:25:24,1,576,2020-05-23 17:05:06,9,10
88,Cricket Match,2020-12-30 3:54:48,2020-12-30 7:54:48,3,979,2020-12-27 23:06:43,20,7
89,Swimming Lessons,2020-06-01 19:20:49,2020-06-01 21:20:49,4,211,2020-05-29 5:42:10,6,6
90,Football Training,2020-03-21 6:58:26,2020-03-21 9:58:26,3,787,2020-03-18 6:07:44,7,8
91,Volleyball Match,2020-09-03 20:59:14,2020-09-03 22:59:14,3,521,2020-09-01 22:25:20,2,11
92,Table Tennis Match,2020-09-23 13:12:48,2020-09-23 15:12:48,3,226,2020-09-20 17:22:12,17,4
93,BCR Foosball,2020-05-02 14:36:56,2020-05-02 15:36:56,2,436,2020-04-28 23:09:11,4,9
94,Cricket Match,2020-01-24 0:48:45,2020-01-24 1:48:45,4,902,2020-01-23 7:01:40,8,7
95,Badminton Duels,2021-02-15 16:08:52,2021-02-15 20:08:52,2,29,2021-02-14 0:09:24,1,1
96,Volleyball Selections,2020-01-28 8:49:47,2020-01-28 9:49:47,1,407,2020-01-27 9:28:41,2,11
97,Basketball Trials,2020-01-18 4:34:11,2020-01-18 6:34:11,3,861,2020-01-17 1:10:15,12,3
98,Foosball,2020-07-28 15:38:15,2020-07-28 19:38:15,1,724,2020-07-26 0:21:02,4,9
99,Football Match,2020-11-09 22:09:59,2020-11-10 0:09:59,3,473,2020-11-06 2:48:20,7,8
100,Swimming Practice,2020-06-28 0:43:00,2020-06-28 1:43:00,2,869,2020-06-26 7:06:33,6,6